Workbook

Sheet Main
A1: FLARM Continuous Analyser of Radio Performance Graph
A2: Copy the CARP data into the cell below, including "RFTOP,A…."
A3: RFTOP,A,1048,2045,2669,1978,2914,2608,1923,1961,1812,1240,1536,1839,2327,2057,2149,1775,1865,1974,1858,1306
A29: Note: If the graph appears wrong, check whether the range for each segment has more than 4 characters. If they do, then amendments are necessary on the calcs page to the CSV parse formula

Sheet Calcs
A1: This table generates the graph, do not change this! | H1: This table extracts the segment Range from the CSV string. Note: It assumes the range data is 4 characters, so the CSV parse formula will will need modification if a range has 5 characters
C2: 5000 | D2: 200 | G2: Data field start position --> | H2: 9 | I2: =H2+5 -> 14 | J2: =I2+5 -> 19 | K2: =J2+5 -> 24 | L2: =K2+5 -> 29 | M2: =L2+5 -> 34 | N2: =M2+5 -> 39 | O2: =N2+5 -> 44 | P2: =O2+5 -> 49 | ... AA2: =Z2+5 -> 104
A3: Bearing | B3: Sector-point | C3: Minimum | E3: Range Data | F3: Spokes | G3: Sector number --> | H3: 1 | I3: 2 | J3: 3 | K3: 4 | L3: 5 | M3: 6 | N3: 7 | O3: 8 | P3: 9 | Q3: 10 | R3: 11 | S3: 12 | T3: 13 | U3: 14 | V3: 15 | W3: 16 | X3: 17 | Y3: 18 | Z3: 19 | AA3: 20
A4: 0 | B4: 10 | C4: =C$2 -> 5000 | D4: 0 | E4: =H4 -> 1048 | G4: CSV parse formula is here --> | H4: =VALUE(MID(Main!$A$3,H2,4)) -> 1048 | I4: =VALUE(MID(Main!$A$3,I2,4)) -> 2045 | J4: =VALUE(MID(Main!$A$3,J2,4)) -> 2669 | K4: =VALUE(MID(Main!$A$3,K2,4)) -> 1978 | L4: =VALUE(MID(Main!$A$3,L2,4)) -> 2914 | M4: =VALUE(MID(Main!$A$3,M2,4)) -> 2608 | N4: =VALUE(MID(Main!$A$3,N2,4)) -> 1923 | O4: =VALUE(MID(Main!$A$3,O2,4)) -> 1961 | ... AA4: =VALUE(MID(Main!$A$3,AA2,4)) -> 1306
A5: 1 | B5: 11 | C5: =C$2 -> 5000 | D5: 0 | E5: =H4 -> 1048
A6: 2 | B6: 12 | C6: =C$2 -> 5000 | D6: 0 | E6: =H4 -> 1048
A7: 3 | B7: 13 | C7: =C$2 -> 5000 | D7: 0 | E7: =H4 -> 1048 | H7: How it works
A8: 4 | B8: 14 | C8: =C$2 -> 5000 | D8: 0 | E8: =H4 -> 1048 | H8: CARP returns the maximum received range x100m in 20 azimuth sectors.
A9: 5 | B9: 15 | C9: =C$2 -> 5000 | D9: 0 | E9: =H4 -> 1048 | H9: The radar graph has 20 sectors of 18 degrees. The first sector (straight ahead = sector 1 ) has bearing 351 - 008 degrees.
A10: 6 | B10: 16 | C10: =C$2 -> 5000 | D10: 0 | E10: =H4 -> 1048 | H10: All values for each bearing within the sector are set to the same range
A11: 7 | B11: 17 | C11: =C$2 -> 5000 | D11: 0 | E11: =H4 -> 1048 | H11: The 'Minimum' range is an approximation to the FLARM minimum acceptable range
A12: 8 | B12: 18 | C12: =C$2+($D$2*D12) -> 5000 | D12: 0 | E12: =H4 -> 1048
A13: 9 | B13: 1 | C13: =C$2+($D$2*D13) -> 4800 | D13: -1 | E13: =I4 -> 2045 | F13: 10000
A14: 10 | B14: 2 | C14: =C$2+($D$2*D14) -> 4800 | D14: -1 | E14: =I4 -> 2045
A15: 11 | B15: 3 | C15: =C$2+($D$2*D15) -> 4800 | D15: -1 | E15: =I4 -> 2045
A16: 12 | B16: 4 | C16: =C$2+($D$2*D16) -> 4800 | D16: -1 | E16: =I4 -> 2045
A17: 13 | B17: 5 | C17: =C$2+($D$2*D17) -> 4800 | D17: -1 | E17: =I4 -> 2045
A18: 14 | B18: 6 | C18: =C$2+($D$2*D18) -> 4800 | D18: -1 | E18: =I4 -> 2045
A19: 15 | B19: 7 | C19: =C$2+($D$2*D19) -> 4800 | D19: -1 | E19: =I4 -> 2045
A20: 16 | B20: 8 | C20: =C$2+($D$2*D20) -> 4800 | D20: -1 | E20: =I4 -> 2045
A21: 17 | B21: 9 | C21: =C$2+($D$2*D21) -> 4800 | D21: -1 | E21: =I4 -> 2045
A22: 18 | B22: 10 | C22: =C$2+($D$2*D22) -> 4800 | D22: -1 | E22: =I4 -> 2045
A23: 19 | B23: 11 | C23: =C$2+($D$2*D23) -> 4800 | D23: -1 | E23: =I4 -> 2045
A24: 20 | B24: 12 | C24: =C$2+($D$2*D24) -> 4800 | D24: -1 | E24: =I4 -> 2045
A25: 21 | B25: 13 | C25: =C$2+($D$2*D25) -> 4800 | D25: -1 | E25: =I4 -> 2045
A26: 22 | B26: 14 | C26: =C$2+($D$2*D26) -> 4800 | D26: -1 | E26: =I4 -> 2045
A27: 23 | B27: 15 | C27: =C$2+($D$2*D27) -> 4800 | D27: -1 | E27: =I4 -> 2045
A28: 24 | B28: 16 | C28: =C$2+($D$2*D28) -> 4800 | D28: -1 | E28: =I4 -> 2045
A29: 25 | B29: 17 | C29: =C$2+($D$2*D29) -> 4800 | D29: -1 | E29: =I4 -> 2045
A30: 26 | B30: 18 | C30: =C$2+($D$2*D30) -> 4800 | D30: -1 | E30: =I4 -> 2045
A31: 27 | B31: 1 | C31: =C$2+($D$2*D31) -> 4600 | D31: -2 | E31: =J4 -> 2669 | F31: 10000
A32: 28 | B32: 2 | C32: =C$2+($D$2*D32) -> 4600 | D32: -2 | E32: =J4 -> 2669
A33: 29 | B33: 3 | C33: =C$2+($D$2*D33) -> 4600 | D33: -2 | E33: =J4 -> 2669
A34: 30 | B34: 4 | C34: =C$2+($D$2*D34) -> 4600 | D34: -2 | E34: =J4 -> 2669
A35: 31 | B35: 5 | C35: =C$2+($D$2*D35) -> 4600 | D35: -2 | E35: =J4 -> 2669
A36: 32 | B36: 6 | C36: =C$2+($D$2*D36) -> 4600 | D36: -2 | E36: =J4 -> 2669
A37: 33 | B37: 7 | C37: =C$2+($D$2*D37) -> 4600 | D37: -2 | E37: =J4 -> 2669
A38: 34 | B38: 8 | C38: =C$2+($D$2*D38) -> 4600 | D38: -2 | E38: =J4 -> 2669
A39: 35 | B39: 9 | C39: =C$2+($D$2*D39) -> 4600 | D39: -2 | E39: =J4 -> 2669
A40: 36 | B40: 10 | C40: =C$2+($D$2*D40) -> 4600 | D40: -2 | E40: =J4 -> 2669
A41: 37 | B41: 11 | C41: =C$2+($D$2*D41) -> 4600 | D41: -2 | E41: =J4 -> 2669
A42: 38 | B42: 12 | C42: =C$2+($D$2*D42) -> 4600 | D42: -2 | E42: =J4 -> 2669
A43: 39 | B43: 13 | C43: =C$2+($D$2*D43) -> 4600 | D43: -2 | E43: =J4 -> 2669
A44: 40 | B44: 14 | C44: =C$2+($D$2*D44) -> 4600 | D44: -2 | E44: =J4 -> 2669
A45: 41 | B45: 15 | C45: =C$2+($D$2*D45) -> 4600 | D45: -2 | E45: =J4 -> 2669
A46: 42 | B46: 16 | C46: =C$2+($D$2*D46) -> 4600 | D46: -2 | E46: =J4 -> 2669
A47: 43 | B47: 17 | C47: =C$2+($D$2*D47) -> 4600 | D47: -2 | E47: =J4 -> 2669
A48: 44 | B48: 18 | C48: =C$2+($D$2*D48) -> 4600 | D48: -2 | E48: =J4 -> 2669
A49: 45 | B49: 1 | C49: =C$2+($D$2*D49) -> 4400 | D49: -3 | E49: =K4 -> 1978 | F49: 10000
A50: 46 | B50: 2 | C50: =C$2+($D$2*D50) -> 4400 | D50: -3 | E50: =K4 -> 1978
A51: 47 | B51: 3 | C51: =C$2+($D$2*D51) -> 4400 | D51: -3 | E51: =K4 -> 1978
A52: 48 | B52: 4 | C52: =C$2+($D$2*D52) -> 4400 | D52: -3 | E52: =K4 -> 1978
A53: 49 | B53: 5 | C53: =C$2+($D$2*D53) -> 4400 | D53: -3 | E53: =K4 -> 1978
A54: 50 | B54: 6 | C54: =C$2+($D$2*D54) -> 4400 | D54: -3 | E54: =K4 -> 1978
A55: 51 | B55: 7 | C55: =C$2+($D$2*D55) -> 4400 | D55: -3 | E55: =K4 -> 1978
A56: 52 | B56: 8 | C56: =C$2+($D$2*D56) -> 4400 | D56: -3 | E56: =K4 -> 1978
A57: 53 | B57: 9 | C57: =C$2+($D$2*D57) -> 4400 | D57: -3 | E57: =K4 -> 1978
A58: 54 | B58: 10 | C58: =C$2+($D$2*D58) -> 4400 | D58: -3 | E58: =K4 -> 1978
A59: 55 | B59: 11 | C59: =C$2+($D$2*D59) -> 4400 | D59: -3 | E59: =K4 -> 1978
A60: 56 | B60: 12 | C60: =C$2+($D$2*D60) -> 4400 | D60: -3 | E60: =K4 -> 1978
A61: 57 | B61: 13 | C61: =C$2+($D$2*D61) -> 4400 | D61: -3 | E61: =K4 -> 1978
A62: 58 | B62: 14 | C62: =C$2+($D$2*D62) -> 4400 | D62: -3 | E62: =K4 -> 1978
A63: 59 | B63: 15 | C63: =C$2+($D$2*D63) -> 4400 | D63: -3 | E63: =K4 -> 1978
A64: 60 | B64: 16 | C64: =C$2+($D$2*D64) -> 4400 | D64: -3 | E64: =K4 -> 1978
A65: 61 | B65: 17 | C65: =C$2+($D$2*D65) -> 4400 | D65: -3 | E65: =K4 -> 1978
A66: 62 | B66: 18 | C66: =C$2+($D$2*D66) -> 4400 | D66: -3 | E66: =K4 -> 1978
A67: 63 | B67: 1 | C67: =C$2+($D$2*D67) -> 4200 | D67: -4 | E67: =L4 -> 2914 | F67: 10000
A68: 64 | B68: 2 | C68: =C$2+($D$2*D68) -> 4200 | D68: -4 | E68: =L4 -> 2914
A69: 65 | B69: 3 | C69: =C$2+($D$2*D69) -> 4200 | D69: -4 | E69: =L4 -> 2914
A70: 66 | B70: 4 | C70: =C$2+($D$2*D70) -> 4200 | D70: -4 | E70: =L4 -> 2914
A71: 67 | B71: 5 | C71: =C$2+($D$2*D71) -> 4200 | D71: -4 | E71: =L4 -> 2914
A72: 68 | B72: 6 | C72: =C$2+($D$2*D72) -> 4200 | D72: -4 | E72: =L4 -> 2914
A73: 69 | B73: 7 | C73: =C$2+($D$2*D73) -> 4200 | D73: -4 | E73: =L4 -> 2914
A74: 70 | B74: 8 | C74: =C$2+($D$2*D74) -> 4200 | D74: -4 | E74: =L4 -> 2914
A75: 71 | B75: 9 | C75: =C$2+($D$2*D75) -> 4200 | D75: -4 | E75: =L4 -> 2914
A76: 72 | B76: 10 | C76: =C$2+($D$2*D76) -> 4200 | D76: -4 | E76: =L4 -> 2914
A77: 73 | B77: 11 | C77: =C$2+($D$2*D77) -> 4200 | D77: -4 | E77: =L4 -> 2914
A78: 74 | B78: 12 | C78: =C$2+($D$2*D78) -> 4200 | D78: -4 | E78: =L4 -> 2914
A79: 75 | B79: 13 | C79: =C$2+($D$2*D79) -> 4200 | D79: -4 | E79: =L4 -> 2914
A80: 76 | B80: 14 | C80: =C$2+($D$2*D80) -> 4200 | D80: -4 | E80: =L4 -> 2914
A81: 77 | B81: 15 | C81: =C$2+($D$2*D81) -> 4200 | D81: -4 | E81: =L4 -> 2914
A82: 78 | B82: 16 | C82: =C$2+($D$2*D82) -> 4200 | D82: -4 | E82: =L4 -> 2914
A83: 79 | B83: 17 | C83: =C$2+($D$2*D83) -> 4200 | D83: -4 | E83: =L4 -> 2914
A84: 80 | B84: 18 | C84: =C$2+($D$2*D84) -> 4200 | D84: -4 | E84: =L4 -> 2914
A85: 81 | B85: 1 | C85: =C$2+($D$2*D85) -> 4000 | D85: -5 | E85: =M4 -> 2608 | F85: 10000
A86: 82 | B86: 2 | C86: =C$2+($D$2*D86) -> 4000 | D86: -5 | E86: =M4 -> 2608
A87: 83 | B87: 3 | C87: =C$2+($D$2*D87) -> 4000 | D87: -5 | E87: =M4 -> 2608
A88: 84 | B88: 4 | C88: =C$2+($D$2*D88) -> 4000 | D88: -5 | E88: =M4 -> 2608
A89: 85 | B89: 5 | C89: =C$2+($D$2*D89) -> 4000 | D89: -5 | E89: =M4 -> 2608
A90: 86 | B90: 6 | C90: =C$2+($D$2*D90) -> 4000 | D90: -5 | E90: =M4 -> 2608
A91: 87 | B91: 7 | C91: =C$2+($D$2*D91) -> 4000 | D91: -5 | E91: =M4 -> 2608
A92: 88 | B92: 8 | C92: =C$2+($D$2*D92) -> 4000 | D92: -5 | E92: =M4 -> 2608
A93: 89 | B93: 9 | C93: =C$2+($D$2*D93) -> 4000 | D93: -5 | E93: =M4 -> 2608
A94: 90 | B94: 10 | C94: =C$2+($D$2*D94) -> 4000 | D94: -5 | E94: =M4 -> 2608
A95: 91 | B95: 11 | C95: =C$2+($D$2*D95) -> 4000 | D95: -5 | E95: =M4 -> 2608
A96: 92 | B96: 12 | C96: =C$2+($D$2*D96) -> 4000 | D96: -5 | E96: =M4 -> 2608
A97: 93 | B97: 13 | C97: =C$2+($D$2*D97) -> 4000 | D97: -5 | E97: =M4 -> 2608
A98: 94 | B98: 14 | C98: =C$2+($D$2*D98) -> 4000 | D98: -5 | E98: =M4 -> 2608
A99: 95 | B99: 15 | C99: =C$2+($D$2*D99) -> 4000 | D99: -5 | E99: =M4 -> 2608
A100: 96 | B100: 16 | C100: =C$2+($D$2*D100) -> 4000 | D100: -5 | E100: =M4 -> 2608
...
